Metric,CV (Training),Test Set,Unseen Set
accuracy,0.6787142857142856,0.4260869565217391,0.4481409001956947
precision,0.7702307989383986,0.935969864115757,0.9365675959335708
recall,0.6787142857142856,0.4260869565217391,0.4481409001956947
f1,0.648799563533607,0.5509520042267814,0.5731725450883908
specificity,0.388,0.4045714285714286,0.4279835390946502
roc_auc,0.6787142857142856,0.6245079365079365,0.6339917695473251
