,Attribute,Mean,Median,Mode,Maximum,Minimum,Standard Deviation,Variance
0,age,43.226614481409,45.0,[78.],82.0,0.08,22.61264672311352,511.33179182433673
1,avg_glucose_level,106.1476771037182,91.88499999999999,[93.88],271.74,55.12,45.28356015058203,2050.600819911381
2,bmi,28.893236911794663,28.4,[28.89323691],97.6,10.3,7.698017826857077,59.25947846260935
